id_pergunta,id_modulo,ordem,pergunta,opcao_a,opcao_b,opcao_c,opcao_d,resposta_correta,explicacao
p0101,mod01,1,"O que a Anatomia Veterinária estuda?","A fisiologia dos orgaos","A estrutura do corpo dos animais","Apenas doencas infecciosas","O comportamento animal",b,"Anatomia e a ciencia que estuda a estrutura e organizacao do corpo dos animais."
p0102,mod01,2,"Qual termo indica 'em direcao a cabeca'?","Caudal","Ventral","Cranial","Dorsal",c,"Cranial refere-se a direcao da cabeca (cranio)."
p0103,mod01,3,"Qual termo indica 'em direcao a cauda'?","Caudal","Cranial","Medial","Lateral",a,"Caudal refere-se a direcao da cauda."
p0104,mod01,4,"Qual termo indica 'em direcao ao dorso (costas)'?","Ventral","Dorsal","Proximal","Distal",b,"Dorsal e a direcao do dorso do animal."
p0105,mod01,5,"Qual termo indica 'em direcao ao ventre (barriga)'?","Ventral","Dorsal","Medial","Cranial",a,"Ventral e a direcao da regiao ventral (abdominal)."
p0106,mod01,6,"O plano que divide o corpo em metades direita e esquerda e o plano:","Transversal","Sagital","Dorsal","Frontal",b,"O plano sagital mediano divide o corpo em antimeros direito e esquerdo."
p0107,mod01,7,"Estruturas mais proximas da linha media do corpo sao chamadas de:","Laterais","Mediais","Distais","Proximais",b,"Medial indica proximidade com a linha media do corpo."
p0108,mod01,8,"Estruturas mais afastadas da linha media do corpo sao chamadas de:","Mediais","Laterais","Ventrais","Dorsais",b,"Lateral indica afastamento da linha media do corpo."
p0201,mod02,1,"Qual NAO e uma funcao do esqueleto?","Sustentacao do corpo","Protecao de orgaos","Producao de bile","Auxilio no movimento",c,"A producao de bile e funcao do figado, nao do esqueleto."
p0202,mod02,2,"O osso longo proximal do membro toracico (dianteiro) e o:","Femur","Umero","Radio","Tibia",b,"O umero e o osso do braco, no membro toracico."
p0203,mod02,3,"O principal osso da coxa (membro pelvico) e o:","Umero","Femur","Radio","Ulna",b,"O femur e o osso da coxa, no membro pelvico."
p0204,mod02,4,"A articulacao do cotovelo e classificada como:","Esferoidea","Dobradica (ginglimo)","Plana","Pivo",b,"O cotovelo permite movimento em um so plano, tipico de ginglimo."
p0205,mod02,5,"A maioria dos mamiferos possui quantas vertebras cervicais?","5","6","7","9",c,"Quase todos os mamiferos, do rato a girafa, tem 7 vertebras cervicais."
p0206,mod02,6,"Junto as costelas, qual osso forma a caixa toracica na linha media ventral?","Esterno","Escapula","Umero","Pelve",a,"O esterno fica na linha media ventral do torax, articulado as costelas."
p0207,mod02,7,"A cartilagem de crescimento dos ossos longos e chamada de:","Periosteo","Fise (disco epifisario)","Medula ossea","Endosteo",b,"A fise e responsavel pelo crescimento longitudinal do osso."
p0208,mod02,8,"A celula responsavel por formar tecido osseo novo e o:","Osteoclasto","Osteocito","Osteoblasto","Condrocito",c,"Osteoblastos sintetizam a matriz ossea, formando osso novo."
p0301,mod03,1,"O tipo de musculo exclusivo do coracao e o:","Liso","Esqueletico","Cardiaco","Misto",c,"O musculo cardiaco e estriado, involuntario, exclusivo do coracao."
p0302,mod03,2,"O tipo de musculo voluntario, ligado aos ossos, e o:","Liso","Cardiaco","Esqueletico","Visceral",c,"O musculo esqueletico e estriado e de contracao voluntaria."
p0303,mod03,3,"A estrutura que liga o musculo ao osso e o:","Ligamento","Tendao","Fascia","Periosteo",b,"O tendao conecta o musculo ao osso, transmitindo forca."
p0304,mod03,4,"A unidade contratil basica do musculo estriado e o:","Sarcomero","Sarcolema","Miofilamento","Miocito",a,"O sarcomero e a unidade funcional da contracao muscular."
p0305,mod03,5,"O musculo involuntario presente nas visceras e paredes de vasos e o:","Esqueletico","Cardiaco","Liso","Estriado",c,"O musculo liso e involuntario, encontrado em visceras e vasos."
p0306,mod03,6,"As principais proteinas contrateis do sarcomero sao:","Colageno e elastina","Actina e miosina","Queratina e miosina","Actina e colageno",b,"Actina (filamento fino) e miosina (filamento grosso) geram a contracao."
p0307,mod03,7,"Um musculo que diminui o angulo de uma articulacao e chamado de:","Extensor","Flexor","Abdutor","Rotador",b,"O musculo flexor reduz o angulo articular ao se contrair."
p0308,mod03,8,"A fonte de energia imediata usada na contracao muscular e o:","Glicogenio","ATP","Creatina","Lactato",b,"O ATP fornece a energia imediata para o deslizamento dos filamentos."
p0401,mod04,1,"Em ruminantes, o primeiro e maior compartimento do estomago e o:","Abomaso","Rumen","Reticulo","Omaso",b,"O rumen e o maior compartimento, onde ocorre fermentacao microbiana."
p0402,mod04,2,"O orgao responsavel por produzir a bile e o:","Pancreas","Baco","Figado","Rim",c,"O figado produz a bile, importante na digestao de gorduras."
p0403,mod04,3,"O orgao que armazena e concentra a bile e a:","Vesicula biliar","Vesicula seminal","Bexiga","Glandula adrenal",a,"A vesicula biliar armazena a bile produzida pelo figado."
p0404,mod04,4,"A enzima que inicia a digestao de proteinas no estomago e a:","Amilase","Lipase","Pepsina","Tripsina",c,"A pepsina, ativada em meio acido, digere proteinas no estomago."
p0405,mod04,5,"A maior parte da absorcao de nutrientes ocorre no:","Estomago","Intestino delgado","Intestino grosso","Esofago",b,"O intestino delgado e o principal local de absorcao de nutrientes."
p0406,mod04,6,"A porcao final do trato digestorio, antes do anus, e o:","Colo","Reto","Ceco","Duodeno",b,"O reto e o segmento terminal, armazenando fezes antes da defecacao."
p0407,mod04,7,"Alem de enzimas digestivas, o pancreas tambem produz o hormonio:","Insulina","Adrenalina","Testosterona","Tiroxina",a,"O pancreas endocrino produz insulina, regulando a glicose sanguinea."
p0408,mod04,8,"Animais monogastricos, como caes e gatos, possuem quantos compartimentos gastricos?","1","2","3","4",a,"Monogastricos tem estomago simples, com um unico compartimento."
p0501,mod05,1,"A camara cardiaca que bombeia sangue oxigenado para o corpo e o:","Atrio direito","Ventriculo direito","Atrio esquerdo","Ventriculo esquerdo",d,"O ventriculo esquerdo bombeia sangue oxigenado para a circulacao sistemica."
p0502,mod05,2,"Vasos que levam sangue do coracao para os tecidos sao chamados de:","Veias","Arterias","Capilares","Linfaticos",b,"Arterias transportam sangue a partir do coracao."
p0503,mod05,3,"Vasos que trazem sangue de volta ao coracao sao chamados de:","Arterias","Veias","Arteriolas","Capilares",b,"Veias conduzem o sangue de retorno ao coracao."
p0504,mod05,4,"A camada muscular do coracao, responsavel pela contracao, e o:","Endocardio","Miocardio","Pericardio","Epicardio",b,"O miocardio e o musculo cardiaco que promove a contracao do coracao."
p0505,mod05,5,"A valvula entre o atrio e o ventriculo esquerdos e a:","Tricuspide","Pulmonar","Mitral (bicuspide)","Aortica",c,"A valvula mitral, ou bicuspide, fica entre atrio e ventriculo esquerdos."
p0506,mod05,6,"A celula sanguinea responsavel por transportar oxigenio e a:","Hemacia (eritrocito)","Leucocito","Plaqueta","Linfocito",a,"As hemacias contem hemoglobina, que transporta oxigenio."
p0507,mod05,7,"As celulas de defesa do organismo, presentes no sangue, sao os:","Eritrocitos","Leucocitos","Trombocitos","Reticulocitos",b,"Leucocitos sao as celulas brancas de defesa imunologica."
p0508,mod05,8,"A estrutura sanguinea que participa da coagulacao e a:","Hemacia","Leucocito","Plaqueta (trombocito)","Plasma",c,"As plaquetas atuam formando o tampao e ativando a coagulacao."
p0601,mod06,1,"A troca gasosa nos pulmoes ocorre nos(as):","Bronquios","Alveolos","Traqueia","Pleura",b,"Os alveolos sao as unidades onde ocorre a troca de gases com o sangue."
p0602,mod06,2,"O musculo que separa o torax do abdomen e auxilia a respiracao e o:","Diafragma","Intercostal","Reto abdominal","Trapezio",a,"O diafragma se contrai e relaxa promovendo a ventilacao pulmonar."
p0603,mod06,3,"O tubo que conduz o ar da laringe ate os pulmoes e a:","Faringe","Traqueia","Esofago","Epiglote",b,"A traqueia e o tubo cartilaginoso que leva ar ate os bronquios."
p0604,mod06,4,"O pigmento presente nas hemacias que transporta oxigenio e a:","Mioglobina","Hemoglobina","Melanina","Bilirrubina",b,"A hemoglobina se liga ao oxigenio para transporte no sangue."
p0605,mod06,5,"O principal gas eliminado durante a expiracao e o:","Oxigenio","Nitrogenio","Dioxido de carbono","Hidrogenio",c,"O CO2, produzido no metabolismo celular, e eliminado na expiracao."
p0606,mod06,6,"A estrutura que fecha a traqueia durante a degluticao, evitando aspiracao, e a:","Epiglote","Laringe","Faringe","Glote",a,"A epiglote cobre a entrada da traqueia durante a degluticao de alimentos."
p0607,mod06,7,"As ramificacoes da traqueia que entram nos pulmoes sao os:","Alveolos","Bronquios","Bronquiolos terminais","Sacos alveolares",b,"A traqueia se divide em bronquios, que entram em cada pulmao."
p0608,mod06,8,"A membrana serosa que reveste os pulmoes e a cavidade toracica e a:","Pleura","Peritoneo","Pericardio","Meninge",a,"A pleura reveste os pulmoes (visceral) e a cavidade toracica (parietal)."
p0701,mod07,1,"Segundo o conceito de Saude Unica (One Health), aproximadamente qual percentual das doencas infecciosas em humanos tem origem zoonotica?","20%","40%","60%","80%",c,"Estudos citados em aula (Beckman et al., 2023) apontam que cerca de 60% das doencas infecciosas humanas sao de origem zoonotica, reforcando o papel do veterinario na prevencao."
p0702,mod07,2,"Qual resolucao do CFMV determina que apenas medicos veterinarios podem ser responsaveis tecnicos por estabelecimentos de produtos de origem animal (POA)?","Resolucao CFMV no 1.573/2023","Resolucao CFMV no 1.000/2012","Portaria MAPA no 365/2021","Decreto 9.013/2017",a,"A Resolucao CFMV 1.573/2023 normatiza a responsabilidade tecnica privativa do medico veterinario em estabelecimentos de POA."
p0703,mod07,3,"O que e, essencialmente, o SISBI-POA?","Um novo sistema de inspecao que substitui o SIF","Um acordo de equivalencia entre SIF, SIE e SIM","Uma certificacao exclusiva para exportacao","Uma lei que extingue os servicos estaduais e municipais",b,"O SISBI-POA e um acordo de equivalencia entre os sistemas de inspecao (SIF, SIE, SIM), permitindo que produtos aprovados circulem em todo o pais."
p0704,mod07,4,"Produtos habilitados apenas pelo SISBI-POA (sem SIF) podem ser exportados?","Sim, sem restricoes","Nao, a exportacao e prerrogativa exclusiva do SIF","Sim, mas apenas para paises do Mercosul","Depende apenas da vontade do produtor",b,"A exportacao exige certificacao federal direta do MAPA (SIF); o SISBI-POA garante apenas a circulacao em todo o territorio nacional."
p0705,mod07,5,"Qual servico de inspecao tem abrangencia nacional e permite exportacao?","SIM","SIE","SIF","SISBI-POA isoladamente",c,"O SIF (Servico de Inspecao Federal), ligado ao MAPA, e o unico com abrangencia nacional que permite exportacao."
p0706,mod07,6,"Qual das opcoes NAO e um programa de autocontrole obrigatorio fiscalizado pelo inspetor oficial em industrias de POA?","BPF (Boas Praticas de Fabricacao)","PPHO (Procedimentos Padrao de Higiene Operacional)","APPCC (Analise de Perigos e Pontos Criticos de Controle)","ISO 9001",d,"BPF, PPHO e APPCC sao os programas de autocontrole obrigatorios previstos no RIISPOA; a ISO 9001 e uma norma de gestao voluntaria, nao obrigatoria pela legislacao de POA."
p0707,mod07,7,"O sistema APPCC (HACCP) e fundamentado em quantos principios?","3","5","7","10",c,"O APPCC/HACCP se baseia em 7 principios: analise de perigos, identificacao dos PCCs, limites criticos, monitoramento, acoes corretivas, verificacao e registro."
p0708,mod07,8,"Qual e a funcao do inspetor oficial em relacao ao PPHO?","Executar a limpeza das instalacoes","Fiscalizar a execucao dos procedimentos de higiene","Definir os pontos criticos de controle da industria","Substituir o responsavel tecnico da empresa",b,"O PPHO e executado pela industria; cabe ao inspetor fiscalizar se os procedimentos de higiene estao sendo corretamente executados."
p0801,mod08,1,"O que ocorre no musculo apos a morte do animal, levando a queda do pH da carne?","O musculo continua o metabolismo aerobio normalmente","O musculo passa ao metabolismo anaerobio e o glicogenio e convertido em acido latico","O musculo para de produzir qualquer substancia","O pH aumenta porque o sangue continua circulando",b,"Com a morte, cessa o aporte de oxigenio; o musculo passa ao metabolismo anaerobio, convertendo glicogenio em acido latico, que acidifica o tecido."
p0802,mod08,2,"Qual e o pH aproximado do musculo no animal vivo?","5,5","6,0","7,0","8,5",c,"O pH do animal vivo e proximo de 7,0 (neutro)."
p0803,mod08,3,"Apos o restabelecimento do equilibrio pos-abate, qual a faixa de pH tipica de uma carne normal?","3,0 a 4,0","5,5 a 5,8","6,5 a 7,0","7,5 a 8,0",b,"A carne normal, apos a queda fisiologica do pH, estabiliza entre 5,5 e 5,8."
p0804,mod08,4,"A anomalia PSE (Palida, Mole, Exsudativa) esta associada a que tipo de estresse pre-abate?","Cronico, como jejum prolongado","Agudo, como excitacao e luta no manejo","Nenhum tipo de estresse","Apenas ao transporte de longa distancia",b,"O PSE decorre de estresse agudo pre-abate (excitacao, luta, estresse termico), causando queda rapida do pH ainda com a carcaca quente."
p0805,mod08,5,"A anomalia DFD (Escura, Firme, Seca) e mais frequentemente observada em qual especie?","Suinos","Aves","Bovinos","Pescados",c,"O DFD, associado a estresse cronico e deplecao de glicogenio, e mais comum em bovinos."
p0806,mod08,6,"A anomalia PSE e mais frequentemente observada em qual especie?","Bovinos","Suinos","Ovinos","Equinos",b,"O PSE, associado a estresse agudo, e classicamente mais comum em suinos."
p0807,mod08,7,"Em relacao a Capacidade de Retencao de Agua (CRA), como se comporta a carne DFD?","CRA baixa, com muita exsudacao","CRA alta, retendo muita agua","CRA nula, carne completamente seca","CRA nao se relaciona com o pH",b,"A carne DFD tem pH final alto, o que resulta em alta CRA (retem muita agua), ao contrario da carne PSE."
p0808,mod08,8,"Qual estado da mioglobina da a carne fresca, exposta ao oxigenio, a cor vermelho vivo?","Metamioglobina","Deoximioglobina","Oximioglobina","Carboximioglobina",c,"A oximioglobina, formada na presenca de oxigenio, confere o vermelho vivo caracteristico da carne fresca."
p0809,mod08,9,"A coloracao alaranjada tipica do salmao vem de qual pigmento?","Mioglobina","Hemoglobina","Astaxantina (carotenoide)","Melanina",c,"Diferente da carne vermelha, a cor do salmao vem de carotenoides como a astaxantina, obtidos pela alimentacao."
p0901,mod09,1,"Com quanto tempo de antecedencia minima o abatedouro deve ser notificado sobre a realizacao do abate de um lote de bovinos?","24 horas","48 horas","72 horas","7 dias",c,"O art. 73 do RIISPOA exige comunicacao ao SIF com antecedencia minima de 72 horas."
p0902,mod09,2,"Qual o prazo de validade dos atestados de exames negativos para brucelose e tuberculose para emissao da GTA (Guia de Transito Animal)?","15 dias","30 dias","60 dias","120 dias",c,"Os atestados negativos para brucelose e tuberculose tem validade de 60 dias para a emissao da GTA, conforme o PNCEBT."
p0903,mod09,3,"Qual e o periodo regulamentar de jejum total (fazenda + transporte + frigorifico) exigido para bovinos antes do abate?","6 a 8 horas","12 a 24 horas","30 a 40 horas","48 a 60 horas",b,"O jejum total regulamentar para bovinos e de 12 a 24 horas; acima disso ha depletacao de glicogenio e risco de carne DFD."
p0904,mod09,4,"Animais com suspeita ou confirmacao de doenca de notificacao obrigatoria (ex.: febre aftosa, raiva) sao encaminhados para qual local?","Curral de observacao","Curral de sequestro","Sala de desossa","Camara frigorifica",b,"O curral de sequestro isola animais com suspeita de doencas de notificacao obrigatoria ou alto risco sanitario ate a definicao diagnostica."
p0905,mod09,5,"No abate humanitario, qual o tempo maximo entre a insensibilizacao e o inicio da sangria?","10 segundos","60 segundos","5 minutos","15 minutos",b,"A sangria deve ser iniciada em, no maximo, 60 segundos apos a insensibilizacao, garantindo o bem-estar animal e a eficiencia da sangria."
p0906,mod09,6,"Qual o tempo minimo que o animal deve permanecer no processo de sangria?","30 segundos","1 minuto","3 minutos","10 minutos",c,"O animal deve permanecer na sangria por no minimo 3 minutos (180 segundos), reduzindo o sangue residual na carcaca."
p0907,mod09,7,"A pesquisa obrigatoria de cisticercose bovina (Cysticercus bovis) e realizada em cortes nos musculos mastigatorios durante qual etapa da inspecao?","Exame da cabeca-lingua (Linha A)","Exame dos rins","Exame do figado e pulmao","Pesagem final da carcaca",a,"Na Linha de Inspecao A (cabeca-lingua), sao feitos cortes em leque nos musculos masseteres e pterigoideos para pesquisar cisticercose bovina."
p0908,mod09,8,"O que e o 'unto', termo usado na inspecao de carcacas bovinas?","O tecido muscular esqueletico","A gordura de cobertura (tecido adiposo subcutaneo)","O conjunto de linfonodos da carcaca","Um tipo de doenca parasitaria",b,"'Unto' e a gordura de cobertura da carcaca, ou seja, o tecido adiposo subcutaneo que a reveste."
p1001,mod10,1,"Qual o periodo regulamentar de jejum total (granja + transporte + frigorifico) exigido para suinos antes do abate?","6 a 10 horas","12 a 18 horas","24 a 36 horas","40 a 48 horas",b,"O jejum total regulamentar para suinos e de 12 a 18 horas (granja: 6 a 8h; frigorifico: 2 a 4h)."
p1002,mod10,2,"Qual NAO e um objetivo do banho de aspersao aplicado aos suinos antes do abate?","Reduzir sujidades superficiais e odor","Aumentar a eficiencia da insensibilizacao por eletronarcose","Reduzir o estresse do animal","Aumentar o tempo de jejum do lote",d,"O banho de aspersao remove sujidades, reduz estresse termico e melhora a condutividade eletrica para a eletronarcose; nao tem relacao com o tempo de jejum."
p1003,mod10,3,"Na insensibilizacao por eletronarcose em suinos, os eletrodos sao posicionados em qual regiao?","Nas patas traseiras","Atras da orelha, nas fossas temporais","Na cauda","No abdomen",b,"A eletronarcose de dois pontos posiciona os eletrodos atras da orelha, nas fossas temporais, com voltagem de aproximadamente 300V por 6 a 10 segundos."
p1004,mod10,4,"Na escaldagem por imersao de suinos, qual a faixa de temperatura tipica da agua usada para afrouxar os pelos?","20 a 30 graus C","40 a 50 graus C","62 a 65 graus C","90 a 100 graus C",c,"A escaldagem por imersao usa agua entre 62 e 65 graus C (podendo chegar a 75 graus C conforme a pelagem), por 2 a 5 minutos."
p1005,mod10,5,"Qual o principal objetivo da flambagem (chamuscamento) no toilette de depilacao de suinos?","Cozinhar parcialmente a carcaca","Reduzir a carga microbiana da pele e aumentar a eficiencia do toilette","Colorir a carcaca","Substituir a etapa de escaldagem",b,"A flambagem reduz a carga microbiana da pele e aumenta a eficiencia da limpeza final da carcaca."
p1006,mod10,6,"Nas linhas de inspecao de suideos, qual linha e responsavel pelo exame do coracao e da lingua?","Linha A","Linha C","Linha F","Linha G",b,"A Linha C de inspecao de suideos e destinada ao exame do coracao e da lingua."
p1007,mod10,7,"Nas linhas de inspecao de suideos, qual linha e responsavel pelo exame dos rins?","Linha B","Linha D","Linha F","Linha G",c,"A Linha F de inspecao de suideos e destinada ao exame dos rins."
p1008,mod10,8,"No metodo convencional de resfriamento de carcacas suinas, qual a temperatura tipica da camara fria e o tempo aproximado de resfriamento?","0 grau C por 4 horas","2 graus C por 24 horas","10 graus C por 48 horas","-18 graus C por 2 horas",b,"O metodo convencional utiliza camara fria a aproximadamente 2 graus C, com umidade relativa de 85-95% e periodo de cerca de 24 horas."
